First,Japanese,English
、 148670,。 ,。
。 104416,何 ,what 
何 101249,あ ,a 
あ 79888,あなた ,you 
あなた 61249,言 ,Word
言 53108,行 ,Line
行 44960,人 ,Man 
人 35647,知 ,Knowledge
知 34442,） ,)
） 33861,（ ,(
（ 33754,事 ,case 
事 33661,彼女 ,she 
彼女 32871,お前 ,You
お前 31447,話 ,Story 
話 31026,来 ,Coming
来 26020,分か ,Division
分か 24739,者 ,person 
者 23675,聞 ,Hearing
聞 20527,死 ,death 
死 19457,時 ,Time 
時 19298,ああ ,ah 
ああ 18571,殺 ,Murder
殺 17916,前 ,Before 
前 17777,中 ,During 
中 17656,達 ,Daiser
達 17454,必要 ,need 
必要 16339,あの ,That
あの 15797,気 ,air 
気 15793,大丈夫 ,Are you okay 
大丈夫 15283,」 ,""""
」 15004,「 ,""""""
「 14914,自分 ,myself 
自分 14817,持 ,Holding
持 14180,本当 ,TRUE 
本当 14124,時間 ,Time
時間 14006,我々 ,we 
我々 13993,一 ,One
一 13988,的 ,Intended
的 13631,無 ,Nothing 
無 13465,ありがとう ,thank you 
ありがとう 13420,家 ,House 
家 13383,会 ,Meeting
会 12626,日 ,Day 
日 12496,年 ,Year 
年 12361,仕事 ,work 
仕事 11421,手 ,hand 
手 11258,一緒 ,together 
一緒 10913,後 ,After
後 10734,出来 ,Good
出来 10723,他 ,other 
他 10387,入 ,Entering
入 10295,電話 ,Telephone call
電話 9890,目 ,eye 
目 9782,様 ,Mr 
様 9020,分 ,Part
分 8918,車 ,car 
車 8917,所 ,Place
所 8900,あんた ,You
あんた 8646,度 ,Every time 
度 8526,同じ ,same 
同じ 8321,場所 ,place 
場所 8206,問題 ,Problem
問題 7963,子供 ,child 
子供 7924,愛 ,Love 
愛 7635,金 ,Money 
金 7634,名前 ,name 
名前 7402,子 ,Child 
子 7387,信 ,Religion
信 7268,さあ ,here we go 
さあ 7121,少し ,a bit 
少し 6985,使 ,Use
使 6969,全て ,all 
全て 6930,世界 ,World
世界 6865,教え ,lesson 
教え 6852,通り ,street 
通り 6779,来る ,come 
来る 6734,上 ,Up 
上 6696,入れ ,Get in 
入れ 6661,人間 ,human 
人間 6559,行け ,go 
行け 6466,今日 ,today 
今日 6361,物 ,thing 
物 6114,女 ,woman 
女 6079,呼 ,Call
呼 6065,生き ,Life
生き 5930,あれ ,that 
あれ 5864,じゃあ ,Then
じゃあ 5862,止め ,Stop
止め 5857,心配 ,anxiety 
心配 5838,母 ,mother 
母 5745,連れ ,Companion
連れ 5680,関係 ,relationship 
関係 5602,外 ,Outside
外 5564,家族 ,family 
家族 5558,起き ,Rising
起き 5454,意味 ,meaning 
意味 5446,神 ,God
神 5423,警察 ,Police
警察 5401,力 ,Power 
力 5391,最後 ,last 
最後 5382,作 ,Work
作 5293,次 ,Next 
次 5195,息子 ,son 
息子 5093,取 ,Take
取 5042,全部 ,All
全部 5002,間 ,while 
間 4991,書 ,book 
書 4953,捜査 ,Investigation
捜査 4939,起こ ,Ranging
起こ 4858,回 ,times 
回 4818,別 ,another 
別 4775,情報 ,information 
情報 4773,理由 ,reason 
理由 4741,数 ,number 
数 4619,一人 ,One person 
一人 4539,部屋 ,room 
部屋 4528,以上 ,that's all 
以上 4527,人生 ,Life
人生 4500,急 ,Sudden 
急 4485,食べ ,eat 
食べ 4415,女性 ,woman 
女性 4380,続け ,continue 
続け 4380,事件 ,Case
事件 4366,始め ,start 
始め 4358,最初 ,first 
最初 4333,連絡 ,contact 
連絡 4317,まあ ,oh dear 
まあ 4310,調べ ,Investigation
調べ 4282,安全 ,Safety
安全 4254,下さ ,Slapstick
下さ 4243,楽し ,Pleasure
楽し 4237,殺人 ,Murder
殺人 4194,下 ,Subordinate
下 4130,万 ,Ten thousand 
万 4124,友達 ,friend 
友達 4095,約束 ,promise 
約束 4086,二 ,Two
二 4083,結婚 ,Marriage
結婚 4020,無理 ,Impossible 
無理 3975,感じ ,Feeling
感じ 3970,得 ,Benefit
得 3882,最高 ,Best
最高 3836,送 ,Sending
送 3801,計画 ,plan 
計画 3787,仲間 ,fellow 
仲間 3777,先 ,Precedence
先 3775,可能 ,Possible 
可能 3774,あいつ ,that person 
あいつ 3762,あと ,After 
あと 3756,明日 ,tomorrow 
明日 3738,変わ ,Change
変わ 3735,聞こえ ,Hear
聞こえ 3726,確認 ,confirmation 
確認 3644,命 ,life 
命 3608,着 ,Wearing
着 3598,与え ,Giving
与え 3512,全員 ,All
全員 3509,動 ,Movement
動 3508,理解 ,Understanding 
理解 3478,二人 ,Two persons 
二人 3462,開け ,open 
開け 3456,友人 ,friend 
友人 3449,機 ,Machine
機 3438,不 ,Unprecedented
不 3427,あげ ,Gain
あげ 3425,離れ ,Farewell
離れ 3383,戦 ,War
戦 3316,先生 ,Teacher
先生 3297,言え ,say 
言え 3247,質問 ,question 
質問 3246,置 ,Place
置 3229,犯人 ,culprit 
犯人 3207,受け ,Receiving
受け 3188,感 ,Feeling
感 3181,第 ,First
第 3175,あぁ ,Ahh 
あぁ 3160,伝え ,Conveyor
伝え 3156,素晴らし ,Wonderful 
素晴らし 3153,ドア ,Door
ドア 3124,本 ,Book 
本 3086,乗 ,Boarding
乗 3086,用 ,for 
用 3080,感謝 ,Gratitude
感謝 3076,正し ,Right
正し 3053,言葉 ,words 
言葉 3047,大 ,Big 
大 3007,立 ,Standing
立 3005,写真 ,photograph 
写真 3001,２人 ,Two people
２人 2995,説明 ,explanation 
説明 2989,博士 ,Doctor
博士 2980,強 ,Strength
強 2972,絶対 ,absolute 
絶対 2970,座 ,Seat
座 2965,国 ,Country 
国 2962,向か ,Opposite
向か 2947,名 ,given name 
名 2869,ある ,be 
ある 2818,野郎 ,Bogus
野郎 2817,番 ,Rank
番 2767,一番 ,number one 
一番 2739,重要 ,Important
重要 2736,状況 ,situation 
状況 2722,元気 ,fine 
元気 2701,水 ,water 
水 2682,変え ,Change
変え 2681,十分 ,Enough
十分 2672,週間 ,week 
週間 2667,やあ ,Hi 
やあ 2659,父親 ,Father
父親 2655,間違い ,error 
間違い 2645,王 ,King
王 2619,了解 ,roger that 
了解 2607,相手 ,partner 
相手 2589,員 ,Member
員 2588,声 ,Voice
声 2571,会え ,Meet
会え 2550,音 ,sound 
音 2546,多く ,Many
多く 2544,消え ,vanish 
消え 2540,会社 ,company 
会社 2529,簡単 ,easy 
簡単 2513,選 ,Election
選 2501,残念 ,disappointing 
残念 2497,自由 ,freedom 
自由 2496,自身 ,Themselves
自身 2466,等 ,etc 
等 2457,一体 ,Integral
一体 2453,人々 ,people 
人々 2452,報告 ,report 
報告 2452,読 ,Reading
読 2444,過ぎ ,Over
過ぎ 2433,通 ,Passage
通 2433,アメリカ ,America 
アメリカ 2422,元 ,Origin
元 2415,命令 ,order 
命令 2409,高 ,High
高 2407,体 ,Body
体 2407,大統領 ,president 
大統領 2406,月 ,Month 
月 2394,警官 ,Police officer
警官 2390,語 ,Word
語 2384,学校 ,School
学校 2379,対 ,versus 
対 2375,決め ,Decision
決め 2370,真実 ,truth 
真実 2368,初めて ,first time 
初めて 2339,口 ,Mouth
口 2320,大変 ,hard 
大変 2309,要 ,Key
要 2299,変 ,strange 
変 2295,戦争 ,war 
戦争 2294,学 ,Learning
学 2290,あそこ ,over there 
あそこ 2289,武器 ,Weapon
武器 2275,店 ,shop 
店 2252,母親 ,mother 
母親 2233,刑事 ,Criminal
刑事 2231,気持ち ,feeling 
気持ち 2215,間違 ,mistake 
間違 2204,運 ,luck 
運 2203,記録 ,record 
記録 2197,光 ,light 
光 2191,手伝 ,help 
手伝 2170,深 ,Deep
深 2162,落ち着 ,Calmness
落ち着 2157,存在 ,Existence
存在 2156,実 ,fruit 
実 2143,役 ,Role
役 2141,病院 ,hospital 
病院 2141,住 ,Residence
住 2140,責任 ,Responsibility
責任 2135,あっ ,Ah 
あっ 2135,普通 ,Normally
普通 2121,行動 ,Behavior
行動 2121,大きな ,big 
大きな 2115,監視 ,Monitoring
監視 2114,協力 ,cooperation 
協力 2080,多分 ,perhaps 
多分 2071,実際 ,actual 
実際 2056,足 ,feet 
足 2054,地球 ,Earth
地球 2052,生活 ,Life
生活 2051,任せ ,leave to 
任せ 2043,気分 ,feeling 
気分 2040,解決 ,Solution
解決 2019,結果 ,Result
結果 2006,調査 ,investigation 
調査 2003,研究 ,the study 
研究 2003,何処 ,Where
何処 1958,発見 ,discovery 
発見 1952,場 ,Place
場 1948,大事 ,Important
大事 1946,止ま ,Stopping
止ま 1942,興味 ,interest 
興味 1938,大き ,big 
大き 1937,生 ,Living 
生 1934,なあ ,What
なあ 1933,運転 ,driving 
運転 1930,ヶ月 ,months 
ヶ月 1929,多 ,Many
多 1928,１人 ,One person
１人 1926,番号 ,number 
番号 1919,状態 ,situation 
状態 1916,来い ,come 
来い 1912,開 ,Open
開 1903,上手 ,good 
上手 1902,済 ,done 
済 1902,場合 ,case 
場合 1901,刑務 ,Sentence
刑務 1897,今度 ,next time 
今度 1891,以外 ,other than 
以外 1884,朝 ,morning 
朝 1869,飛行 ,Flight
飛行 1867,あまり ,not much 
あまり 1852,近く ,near 
近く 1844,後ろ ,behind 
後ろ 1840,目的 ,the purpose 
目的 1838,歌 ,song 
歌 1835,面白 ,Fun
面白 1832,弁護 ,Defense
弁護 1828,客 ,Customer
客 1828,売 ,Selling
売 1822,特別 ,special 
特別 1819,昨日 ,Yesterday
昨日 1811,少な ,Small
少な 1803,認め ,Recognition
認め 1797,死体 ,Corpse
死体 1793,医者 ,doctor 
医者 1791,装置 ,Device 
装置 1791,共 ,Both 
共 1789,唯一 ,Only 
唯一 1780,あんな ,Such a thing
あんな 1774,不明 ,not clear 
不明 1772,限り ,as long as 
限り 1772,信用 ,Trust
信用 1772,美し ,beautiful 
美し 1756,用意 ,preparation 
用意 1751,話せ ,Talk
話せ 1748,移動 ,Migration
移動 1742,映画 ,movie 
映画 1742,美咲 ,Beautiful Saki
美咲 1741,取引 ,transaction 
取引 1740,最近 ,recently 
最近 1738,現場 ,Site
現場 1732,事故 ,Accident
事故 1731,連中 ,Their colleagues
連中 1723,過去 ,Past
過去 1712,全く ,absolutely 
全く 1704,選択 ,choice 
選択 1698,完全 ,Perfect 
完全 1698,信じ ,Belief
信じ 1697,信頼 ,trust 
信頼 1692,町 ,town 
町 1686,何故 ,Why
何故 1684,始ま ,Beginning
始ま 1682,精神 ,Spirit
精神 1676,付け ,Attachment
付け 1670,あら ,fault 
あら 1665,女の子 ,girl 
女の子 1663,気づ ,Awareness
気づ 1663,記憶 ,Memory 
記憶 1661,頑張 ,Hard -working
頑張 1646,人 ,Man 
2人 1645,素敵 ,nice 
素敵 1612,身 ,Body
身 1607,価値 ,value 
価値 1602,有 ,Existence
有 1597,非常 ,Informal
非常 1596,三 ,Three
三 1595,最も ,most 
最も 1595,両親 ,parents 
両親 1589,人物 ,Person
人物 1588,生まれ ,birth 
生まれ 1580,警備 ,Security
警備 1576,以前 ,Before 
以前 1575,無事 ,Safely
無事 1574,聞け ,Hear
聞け 1570,決して ,never 
決して 1569,銀行 ,Bank 
銀行 1568,馬鹿 ,Idiot
馬鹿 1555,裁判 ,trial 
裁判 1553,降り ,Falling off
降り 1552,大学 ,University
大学 1548,州 ,State
州 1533,今回 ,this time 
今回 1533,空 ,Sky 
空 1525,経験 ,experience 
経験 1524,本物 ,Real thing
本物 1521,部 ,Department
部 1519,化 ,Change
化 1515,未来 ,Future
未来 1506,正直 ,Honesty 
正直 1505,年間 ,Year
年間 1503,無駄 ,waste 
無駄 1497,現れ ,Appearance
現れ 1494,島 ,Island
島 1493,病気 ,disease 
病気 1483,内 ,Inside
内 1465,風 ,Wind 
風 1458,結構 ,fine 
結構 1456,治療 ,Treatment
治療 1452,予定 ,schedule 
予定 1450,点 ,Point
点 1448,人 ,Man 
1人 1448,許可 ,permission 
許可 1443,勇気 ,courage 
勇気 1441,最悪 ,worst 
最悪 1440,本気 ,Seriousness
本気 1439,全然 ,not at all 
全然 1436,任務 ,mission 
任務 1430,日本 ,Japan 
日本 1429,作戦 ,Strategy
作戦 1428,成功 ,Success
成功 1425,進 ,Proceeding
進 1422,近づ ,Close
近づ 1418,品 ,Item
品 1409,消 ,Extinguishing
消 1408,小さな ,small 
小さな 1403,科学 ,Science
科学 1401,放 ,Relief
放 1400,向こう ,Across
向こう 1393,事実 ,fact 
事実 1390,食 ,Food
食 1389,関 ,Relation
関 1364,戦い ,Fight 
戦い 1361,少年 ,Boy
少年 1353,爆発 ,explosion 
爆発 1351,現実 ,reality 
現実 1350,保護 ,Protection
保護 1349,地下 ,Underground
地下 1348,隊 ,Squad
隊 1343,地 ,Land
地 1342,別れ ,farewell 
別れ 1342,時代 ,Era
時代 1330,使え ,Useful
使え 1323,組織 ,Organization
組織 1322,式 ,Ceremony
式 1322,落ち着け ,Calmness
落ち着け 1315,動物 ,Animal
動物 1312,無し ,none 
無し 1312,下が ,Below
下が 1311,技術 ,Technology
技術 1308,個人 ,Individual
個人 1302,期待 ,Expectation
期待 1301,調子 ,condition 
調子 1298,線 ,Line
線 1298,局 ,Bureau
局 1295,利用 ,use 
利用 1294,主人 ,Master
主人 1291,館 ,Mansion
館 1290,毎日 ,every day 
毎日 1281,付 ,Attached
付 1278,当然 ,Of course 
当然 1277,患者 ,Patient
患者 1273,全 ,All
全 1262,今朝 ,this morning 
今朝 1262,過ご ,Passing
過ご 1262,馬 ,Horse 
馬 1260,あー ,ah 
あー 1258,あたし ,I
あたし 1243,立て ,stand up 
立て 1223,地獄 ,Hell
地獄 1223,： ,:
： 1222,合 ,Agency
合 1221,続 ,Continuation
続 1219,陛下 ,His Majesty
陛下 1217,小さ ,small 
小さ 1210,火 ,Fire
火 1208,平気 ,Calm
平気 1199,世話 ,care 
世話 1199,能力 ,Ability
能力 1192,理子 ,Riko
理子 1191,検査 ,inspection 
検査 1187,アレックス ,Alex 
アレックス 1185,木 ,wood 
木 1185,号 ,Issue
号 1179,山 ,Mountain 
山 1177,解 ,Solution
解 1176,警部 ,Police officer
警部 1171,食事 ,meal 
食事 1170,幸運 ,Good luck
幸運 1169,構 ,Lingering
構 1168,侵入 ,Invasion
侵入 1165,駄目 ,Useless
駄目 1165,緊急 ,Urgent
緊急 1165,親父 ,Father
親父 1164,気付 ,Notice
気付 1153,主 ,main 
主 1152,速 ,Speed
速 1148,代わり ,Substitute
代わり 1145,休 ,Rest
休 1141,原因 ,Cause
原因 1138,警告 ,caveat 
警告 1135,山里 ,Mountain village
山里 1133,特に ,especially 
特に 1127,部下 ,subordinate 
部下 1124,運命 ,destiny 
運命 1117,到着 ,arrival 
到着 1113,自殺 ,Suicide
自殺 1113,屋 ,Shop
屋 1110,現在 ,the current 
現在 1109,一部 ,Partially
一部 1108,行為 ,action 
行為 1106,遺体 ,Body
遺体 1106,大切 ,important 
大切 1106,関わ ,Involved
関わ 1104,常 ,Always
常 1102,感情 ,Emotion
感情 1095,夕食 ,dinner 
夕食 1094,星 ,Star 
星 1090,達也 ,Tatsuya
達也 1089,手紙 ,letter 
手紙 1087,混乱 ,Confusion
混乱 1082,支配 ,Rule
支配 1081,影響 ,Impact
影響 1079,受け入れ ,accept 
受け入れ 1078,知れ ,Acquaintance
知れ 1077,行方 ,Whereabouts
行方 1077,少女 ,Girl
少女 1073,位 ,Position
位 1072,半分 ,half 
半分 1072,誕生 ,Birth
誕生 1071,超 ,Hyper 
超 1071,施設 ,facility 
施設 1070,殺せ ,Kill
殺せ 1068,向け ,for 
向け 1067,機会 ,opportunity 
機会 1066,人類 ,Human race 
人類 1066,正確 ,correct 
正確 1053,色々 ,various 
色々 1049,活動 ,Activity
活動 1049,料理 ,cooking 
料理 1045,要求 ,Demand
要求 1044,再 ,Re -
再 1040,指示 ,Instructions
指示 1040,部隊 ,Troops
部隊 1038,何者 ,Who
何者 1037,音楽 ,music 
音楽 1036,上げ ,Raising
上げ 1035,管理 ,Management
管理 1034,映像 ,picture 
映像 1032,開始 ,Start
開始 1031,議員 ,Parliamentarians
議員 1030,反対 ,Opposition 
反対 1026,勝手 ,selfishness 
勝手 1024,器 ,Vessel
器 1024,反応 ,reaction 
反応 1020,可愛 ,cute 
可愛 1019,権利 ,right 
権利 1018,女王 ,Queen
女王 1018,師 ,Teacher
師 1011,大好き ,really like 
大好き 1009,面倒 ,troublesome 
面倒 1008,出発 ,departure 
出発 1005,引 ,Pulling out
引 1002,保安 ,Security
保安 999,上が ,Above
上が 992,決ま ,Decision
決ま 990,楽しみ ,fun 
楽しみ 988,行き ,Going out
行き 985,将軍 ,General
将軍 985,担当 ,in charge 
担当 984,事態 ,Situation
事態 983,一杯 ,a cup of 
一杯 974,近 ,Close
近 974,発 ,Departure
発 974,取り戻 ,Reconciliation
取り戻 972,偉大 ,Greatness
偉大 971,結局 ,in the end 
結局 965,ロシア ,Russia
ロシア 965,司令 ,Command
司令 963,平和 ,peace 
平和 963,解放 ,Liberation
解放 962,直 ,Direct
直 962,事務 ,Administrative office
事務 961,瞬間 ,Moment
瞬間 959,教授 ,Professor 
教授 956,示 ,Indication
示 954,教会 ,Church
教会 954,優し ,Kind
優し 954,位置 ,Position
位置 952,以来 ,Since
以来 946,突然 ,Suddenly
突然 945,付き合 ,Association
付き合 943,集中 ,concentration 
集中 943,通信 ,communication 
通信 943,あっち ,There
あっち 939,契約 ,contract 
契約 937,異常 ,Abnormality
異常 931,殺し ,Killing
殺し 931,部分 ,part 
部分 931,様子 ,state 
様子 923,沢山 ,Lot 
沢山 922,住所 ,address 
住所 921,参加 ,Participation
参加 921,旅 ,Journey 
旅 920,社 ,Shrine
社 916,重 ,Heavy
重 915,自然 ,Nature 
自然 913,殺害 ,Murder
殺害 911,園 ,Garden
園 908,速人 ,Fastjin
速人 907,途中 ,in the middle 
途中 906,証言 ,Testimony
証言 906,夏美 ,Summer beauty
夏美 898,取れ ,Gain
取れ 896,前回 ,last time 
前回 896,手術 ,Surgery
手術 895,強盗 ,Robbery
強盗 892,種 ,Species
種 890,魔女 ,witch 
魔女 887,信号 ,Signal
信号 887,専門 ,Specialty
専門 886,閣下 ,Your Honor 
閣下 883,会議 ,meeting 
会議 883,美月 ,Beautiful moon
美月 883,提供 ,Providing
提供 882,離 ,Separation
離 881,荷物 ,luggage 
荷物 880,安心 ,peace of mind 
安心 880,基地 ,Base
基地 874,目撃 ,Witness
目撃 873,動き ,Movement
動き 871,指 ,Finger
指 867,〜 ,~
〜 865,時々 ,sometimes 
時々 864,怪物 ,Monster
怪物 863,会話 ,conversation 
会話 859,受け取 ,Receipt
受け取 858,一致 ,Agreement
一致 855,全体 ,whole 
全体 854,徳井 ,Tokoi
徳井 849,アンタ ,You
アンタ 848,親 ,Parent
親 846,天使 ,Angel
天使 843,勝利 ,Victory
勝利 842,主義 ,Principle
主義 841,旅行 ,trip 
旅行 837,死亡 ,Death
死亡 836,夫人 ,Mrs 
夫人 836,目標 ,the goal 
目標 835,個 ,Individual 
個 835,中国 ,China
中国 834,生徒 ,student 
生徒 833,建物 ,building 
建物 833,確信 ,conviction 
確信 832,出会 ,Meeting
出会 831,使用 ,Use
使用 831,台 ,Stand
台 830,社会 ,Society
社会 829,周り ,Surroundings
周り 829,市民 ,Citizen
市民 828,色 ,color 
色 821,停止 ,Stop 
停止 820,曲 ,song 
曲 816,実験 ,experiment 
実験 815,直接 ,Direct
直接 815,川 ,River
川 812,ありがと ,thank you 
ありがと 811,実行 ,execution 
実行 810,半 ,Half
半 809,乗せ ,Boarding
乗せ 808,後悔 ,Regret
後悔 806,案内 ,guidance 
案内 805,禁止 ,Ban 
禁止 802,距離 ,Distance
距離 791,次第 ,depend on 
次第 791,感染 ,Infection
感染 787,制御 ,control 
制御 787,有名 ,famous 
有名 786,戦闘 ,battle 
戦闘 783,以内 ,Within
以内 779,書類 ,document 
書類 779,偶然 ,Accidentally
偶然 777,機械 ,Machine
機械 777,最終 ,Final 
最終 776,無視 ,ignore 
無視 774,』 ,]
』 772,王子 ,Prince
王子 772,呼吸 ,Breathing
呼吸 772,巨人 ,Giant 
巨人 771,軍隊 ,army 
軍隊 770,支援 ,support 
支援 769,大人 ,adult 
大人 768,同意 ,Consent
同意 768,恋人 ,lover 
恋人 767,知り合い ,Acquaintance
知り合い 766,努力 ,effort 
努力 765,白 ,White 
白 764,足り ,Suffering
足り 762,進め ,Advancement
進め 761,惑星 ,planet 
惑星 758,味方 ,Ally
味方 757,回復 ,recovery 
回復 753,新聞 ,Newspaper
新聞 753,『 ,""""" """
『 750,話し ,Speech
話し 748,アパート ,Apartment
アパート 745,組 ,Set
組 744,アア ,Ah
アア 744,生き残 ,Survival
生き残 741,一生 ,lifetime 
一生 741,処理 ,process 
処理 740,兵器 ,Weapon
兵器 740,方向 ,Direction
方向 739,決定 ,Decision
決定 739,当た ,Afterwards
当た 739,アクセス ,access 
アクセス 737,満足 ,satisfaction 
満足 735,クレア ,Claire
クレア 735,神経 ,Nerve
神経 734,症 ,Illness
症 733,親友 ,Close friend 
親友 732,流 ,Style
流 729,分析 ,Analysis
分析 728,不思議 ,wonder 
不思議 726,限 ,Limit
限 723,半田 ,Solder
半田 723,物語 ,story 
物語 723,ア ,a 
ア 721,練習 ,practice 
練習 721,久し ,A long time
久し 720,他人 ,Others
他人 720,両方 ,both 
両方 720,南 ,South
南 720,成長 ,Growth
成長 718,～ ,~
～ 717,再び ,again 
再び 716,医 ,Doctor
医 715,指揮 ,Command
指揮 715,最大 ,Maximum
最大 714,病 ,Illness
病 714,記事 ,article 
記事 712,時計 ,clock 
時計 712,アラン ,Alan
アラン 712,手段 ,Means
手段 710,高校 ,high school 
高校 705,太陽 ,Sun 
太陽 704,具合 ,Condition
具合 704,青 ,Blue
青 703,向 ,Direction
向 703,才能 ,Talent
才能 701,交換 ,exchange 
交換 700,所有 ,Ownership
所有 699,最低 ,Lowest
最低 696,救急 ,Emergency
救急 696,魅力 ,charm 
魅力 693,楽 ,easy 
楽 693,応答 ,Response
応答 693,最 ,Best
最 693,修理 ,repair 
修理 690,勉強 ,study 
勉強 689,提案 ,suggestion 
提案 689,資金 ,Funds
資金 689,社長 ,president 
社長 688,ありさ ,Existence
ありさ 688,試合 ,game 
試合 688,気の毒 ,Sorry
気の毒 688,金持ち ,Rich man 
金持ち 687,安定 ,Stability
安定 687,指紋 ,Fingerprint
指紋 687,流れ ,Flow
流れ 686,経 ,Sutra
経 686,団 ,Group
団 685,代 ,Substitute
代 681,日間 ,Day
日間 681,午後 ,afternoon 
午後 679,政治 ,Politics
政治 678,正体 ,Identity
正体 677,確保 ,Securing
確保 677,機能 ,function 
機能 675,優秀 ,excellence 
優秀 675,動か ,move 
動か 672,発生 ,occurrence 
発生 671,英雄 ,hero 
英雄 670,立場 ,Position
立場 670,電気 ,electricity 
電気 669,帽子 ,Hat
帽子 669,効果 ,effect 
効果 668,アンナ ,Anna
アンナ 668,条件 ,Condition
条件 667,確実 ,certainty 
確実 666,連邦 ,Federation
連邦 665,規則 ,Rule
規則 665,土地 ,Land
土地 665,直ぐ ,Immediately
直ぐ 664,卒業 ,graduation 
卒業 664,手がかり ,Clue
手がかり 663,自己 ,Selfishness
自己 663,列車 ,Train
列車 662,加減 ,Degree
加減 659,暴力 ,Violence
暴力 659,立派 ,Splendid
立派 658,石 ,Stone
石 658,同様 ,Same
同様 655,不安 ,anxiety 
不安 655,身体 ,Body
身体 654,ライアン ,Ryan
ライアン 653,無線 ,Wireless
無線 650,対処 ,handle 
対処 650,権 ,Right
権 648,起動 ,boot 
起動 647,誤解 ,Misunderstanding
誤解 647,治 ,Cure
治 647,雄基 ,Male group
雄基 647,接触 ,Contact
接触 646,名誉 ,Honor
名誉 646,説得 ,Persuasion
説得 643,特定 ,identification 
特定 642,標的 ,Target
標的 642,正義 ,Justice
正義 638,見張 ,Insight
見張 638,導 ,Guidance
導 637,無実 ,Innocence
無実 636,アイツ ,Guys
アイツ 636,興奮 ,Excitement
興奮 635,承知 ,Understood 
承知 634,納得 ,Consent 
納得 633,光栄 ,Honor 
光栄 633,本部 ,Headquarters
本部 632,変更 ,change 
変更 632,大佐 ,Colonel 
大佐 632,空気 ,air 
空気 630,支払 ,Payment
支払 630,あらゆる ,every 
あらゆる 629,表 ,table 
表 627,片付け ,Cleaning up
片付け 627,アダム ,Adam
アダム 626,地図 ,map 
地図 625,法律 ,Law
法律 625,医療 ,medical care 
医療 625,台無し ,ruin 
台無し 622,非 ,Unlucky
非 621,貴様 ,You
貴様 621,形 ,shape 
形 621,評価 ,evaluation 
評価 621,都市 ,City 
都市 620,出身 ,Birthplace 
出身 617,釈放 ,Release
釈放 616,大した ,Great
大した 616,保証 ,guarantee 
保証 616,予想 ,prediction 
予想 615,省 ,Ministry
省 615,疑問 ,Question
疑問 615,同僚 ,colleague 
同僚 614,変化 ,change 
変化 612,交渉 ,negotiation 
交渉 612,合わせ ,Match
合わせ 612,生命 ,Life
生命 610,村 ,village 
村 609,作業 ,Work
作業 609,将来 ,future 
将来 608,面 ,Face
面 607,悠里子 ,Yuriko
悠里子 607,空港 ,airport 
空港 607,指輪 ,ring 
指輪 606,巨大 ,Huge
巨大 606,西 ,West 
西 605,手配 ,Arrangement
手配 605,工場 ,factory 
工場 603,城 ,Castle
城 602,取り ,take 
取り 602,話し合 ,Discussion
話し合 602,東 ,East
東 601,あるいは ,or 
あるいは 600,目覚め ,Awakening
目覚め 600,金庫 ,Safe
金庫 599,間違え ,Mistake
間違え 599,馬場 ,Baba 
馬場 598,内部 ,Internal
内部 594,艦隊 ,Fleet
艦隊 593,食料 ,Food
食料 592,あり ,can be 
あり 592,保険 ,insurance 
保険 589,得意 ,good at 
得意 588,医師 ,Doctor
医師 587,英語 ,English 
英語 584,離婚 ,Divorce
離婚 584,子ども ,Child 
子ども 584,違反 ,Violation
違反 583,公 ,Public
公 582,維持 ,Maintaining
維持 581,男の子 ,boy 
男の子 581,政子 ,Government
政子 579,味 ,taste 
味 577,口座 ,Account
口座 576,大勢 ,large crowd 
大勢 576,鉄 ,iron 
鉄 576,親切 ,Kindness
親切 575,仕業 ,Work
仕業 575,贈り物 ,gift 
贈り物 574,待機 ,stand-by 
待機 571,戦士 ,Warrior
戦士 571,知らせ ,News
知らせ 570,尋問 ,Interrogation
尋問 568,発射 ,Launch
発射 567,食べ物 ,food 
食べ物 567,系 ,System
系 565,駅 ,station 
駅 564,開発 ,development 
開発 563,事情 ,Situation
事情 562,育て ,Raising
育て 562,上司 ,boss 
上司 562,国家 ,Nation
国家 562,大使 ,Ambassador
大使 561,機関 ,institution 
機関 560,生物 ,Creature
生物 560,超え ,Beyond
超え 560,天才 ,Genius
天才 557,量 ,Quantity
量 557,横 ,beside 
横 556,観 ,View
観 556,入り ,enter 
入り 556,正気 ,Insane
正気 555,人質 ,Hostage
人質 555,有罪 ,Guilty
有罪 555,約 ,about 
約 555,中止 ,cancel 
中止 554,発表 ,announcement 
発表 554,現金 ,Cash
現金 554,始末 ,Cleaning up
始末 553,撮影 ,photograph 
撮影 553,衛星 ,Satellite
衛星 553,都合 ,convenience 
都合 552,関連 ,connection 
関連 552,間に合 ,In time
間に合 551,小屋 ,Hut
小屋 551,公園 ,Park
公園 551,単純 ,Simple
単純 551,王国 ,Kingdom
王国 549,存知 ,Knowing
存知 546,加え ,In addition
加え 545,道路 ,Road
道路 543,育 ,Raising
育 543,神父 ,Priest
神父 542,慎重 ,Caution
慎重 542,生存 ,Survival
生存 540,注文 ,order 
注文 539,物質 ,Substance
物質 539,関心 ,interest 
関心 539,時期 ,Time
時期 539,駐車 ,Parking 
駐車 538,乗れ ,Riding
乗れ 536,遺伝 ,Hereditary
遺伝 535,返事 ,reply 
返事 533,エイリアン ,Alien
エイリアン 533,化学 ,Chemistry
化学 533,数え ,Counting
数え 532,緊張 ,Nervousness
緊張 531,優先 ,priority 
優先 529,米国 ,US 
米国 529,当て ,Welcome
当て 527,出来事 ,event 
出来事 526,設計 ,Design
設計 526,大量 ,Mass
大量 525,投げ ,Throwing
投げ 525,内容 ,Content
内容 524,機密 ,Secret
機密 523,授業 ,class 
授業 523,義務 ,Duty
義務 521,突き止め ,Discontinuation
突き止め 520,広 ,Widespread
広 520,通報 ,Report
通報 519,文字 ,letter 
文字 518,アップ ,Up
アップ 518,学生 ,student 
学生 517,オリビア ,Olivia
オリビア 516,暗殺 ,Assassination
暗殺 516,注目 ,attention 
注目 515,暗号 ,Cipher
暗号 515,背中 ,back 
背中 515,囚人 ,Prisoner
囚人 514,完成 ,Complete 
完成 514,休み ,holiday 
休み 513,孤独 ,Loneliness
孤独 511,アイデア ,idea 
アイデア 510,武装 ,Armament
武装 510,果た ,End
果た 509,地域 ,region 
地域 509,始まり ,Beginning
始まり 508,見事 ,Brilliant
見事 507,防衛 ,Defense
防衛 506,人形 ,doll 
人形 506,カリフォルニア ,California
カリフォルニア 505,着陸 ,Landing
着陸 505,文句 ,Complaint
文句 504,委員 ,Committee member
委員 503,地元 ,Local
地元 503,自信 ,Confidence
自信 503,貴女 ,You
貴女 502,知識 ,Knowledge
知識 502,予約 ,reservation 
予約 501,メアリー ,Mary
メアリー 501,椅子 ,Chair 
椅子 500,教師 ,Teacher
教師 498,賛成 ,agreement 
賛成 498,操作 ,Operation
操作 498,要請 ,Request
要請 497,記者 ,Reporter
記者 496,今後 ,from now on 
今後 495,畜生 ,damn it 
畜生 494,伝説 ,Legend 
伝説 494,主張 ,Claim
主張 493,民 ,People
民 492,自ら ,oneself 
自ら 491,死者 ,Dead
死者 490,アンディ ,Andy
アンディ 490,機嫌 ,mood 
機嫌 489,小 ,Small
小 489,アリス ,Alice 
アリス 489,あきらめ ,give up 
あきらめ 488,程 ,Moderate
程 487,ばあ ,Trajectory
ばあ 487,証人 ,Witness
証人 486,議論 ,Discussion
議論 486,一般 ,Ordinary
一般 483,先週 ,last week 
先週 483,放射 ,Radiation
放射 482,程度 ,Degree
程度 482,アホ ,Stupid
アホ 481,身元 ,Identity
身元 480,有難う ,Thank you 
有難う 480,アーサー ,Arthur
アーサー 480,強力 ,Powerful
強力 479,同時 ,Simultaneous
同時 479,休暇 ,vacation 
休暇 479,拷問 ,Torture
拷問 478,出口 ,Exit 
出口 477,決断 ,Decision
決断 476,移 ,Transition
移 476,大尉 ,Captain
大尉 474,小僧 ,Kid
小僧 473,態度 ,Attitude
態度 472,記念 ,memorial 
記念 472,投資 ,Investment
投資 471,危機 ,Crisis
危機 470,持て ,Hold
持て 469,アナタ ,you 
アナタ 469,企業 ,Company
企業 469,接近 ,Approach
接近 467,世紀 ,Century
世紀 467,一方 ,on the other hand 
一方 467,動け ,Movement
動け 467,知ら ,Knowing
知ら 466,否定 ,denial 
否定 464,保管 ,storage 
保管 464,ジュリア ,Julia
ジュリア 464,吉森 ,Good forest
吉森 462,燃料 ,Fuel
燃料 462,源 ,Source
源 461,反 ,Anti
反 461,千 ,Thousand
千 460,順調 ,Smoothness
順調 459,道具 ,tool 
道具 459,状 ,Shape
状 457,非難 ,Criticism
非難 457,朝食 ,breakfast 
朝食 457,環境 ,Environment
環境 456,役立 ,Useful
役立 455,午前 ,morning 
午前 454,アーマン ,Armor
アーマン 454,援護 ,Support
援護 453,動機 ,Motivation
動機 453,売春 ,Prostitution
売春 452,令状 ,Warrant
令状 450,指導 ,Guidance
指導 450,天国 ,heaven 
天国 450,この世 ,This world
この世 449,代表 ,representative 
代表 448,投票 ,vote 
投票 448,作れ ,Make
作れ 447,最善 ,Best
最善 447,地上 ,Ground
地上 446,手助け ,Help
手助け 446,婚約 ,Engagement
婚約 445,選手 ,player 
選手 445,保障 ,Guarantee
保障 444,自動 ,Automatic
自動 444,呼び出 ,Calling out
呼び出 442,売れ ,Selling
売れ 441,策 ,Measures
策 441,伝言 ,message 
伝言 440,経営 ,management 
経営 440,中尉 ,Lieutenant
中尉 440,休憩 ,break 
休憩 440,数学 ,Math 
数学 439,院 ,Hospital
院 439,夜中 ,Midnight
夜中 438,番組 ,Program
番組 438,作品 ,the work 
作品 438,種類 ,kinds 
種類 438,手遅れ ,Being too late
手遅れ 437,外れ ,Outlook
外れ 436,警戒 ,Vigilance
警戒 435,ジュリアン ,Julian
ジュリアン 435,似合 ,Goodbye
似合 435,犯行 ,crime 
犯行 434,基本 ,Basics
基本 434,影 ,Shadow 
影 433,読め ,Reading
読め 433,警報 ,Alarm
警報 432,不足 ,Shortage
不足 431,門 ,Gates
門 431,同士 ,With each other
同士 430,動揺 ,upset 
動揺 429,手伝い ,Help
手伝い 429,対応 ,correspondence 
対応 429,白人 ,White man
白人 429,科 ,Department
科 428,推測 ,Speculation
推測 427,航空 ,Aviation
航空 426,国民 ,Citizen
国民 426,演奏 ,Performance
演奏 426,屋根 ,roof 
屋根 424,呼べ ,Call
呼べ 424,初 ,first time 
初 424,神々 ,Gods 
神々 424,自宅 ,one's home 
自宅 423,中毒 ,Poisoning
中毒 422,回収 ,collect 
回収 422,特殊 ,Special 
特殊 421,降ろ ,Descent
降ろ 421,市場 ,Market
市場 420,放せ ,Unloading
放せ 420,帝国 ,Empire
帝国 420,送信 ,send 
送信 419,四 ,Four
四 419,国境 ,Border
国境 418,芸術 ,Art
芸術 418,殺し屋 ,Murderer
殺し屋 418,人殺し ,Murder
人殺し 417,資料 ,Document 
資料 417,親し ,Parents
親し 416,年代 ,Age
年代 416,飲み物 ,Drink
飲み物 416,正当 ,Legitimate
正当 416,諜報 ,Intelligence
諜報 414,単なる ,Mere
単なる 414,感覚 ,feelings 
感覚 413,放送 ,Broadcasting
放送 413,老人 ,Old man
老人 413,夢中 ,Absorption
夢中 413,配置 ,Arrangement
配置 413,支持 ,Support
支持 412,来れ ,Come
来れ 411,告白 ,Confession
告白 411,教育 ,Education
教育 409,従業 ,Business
従業 409,看護 ,Nurse 
看護 409,宝石 ,jewelry 
宝石 408,生か ,is it raw 
生か 407,利益 ,Profit
利益 407,黒人 ,Black man
黒人 406,農場 ,Farm
農場 406,金曜 ,Friday 
金曜 406,着け ,Wearing
着け 406,アイス ,Ice cream
アイス 405,地区 ,District
地区 405,保 ,Maintaining
保 405,候補 ,candidate 
候補 405,認識 ,Perception
認識 403,家庭 ,Home
家庭 403,近所 ,neighborhood 
近所 402,持ち ,Holding
持ち 400,中心 ,Center
中心 399,接続 ,connection 
接続 399,艦 ,Ship
艦 398,取得 ,Acquisition
取得 398,臆病 ,Timid
臆病 397,若者 ,Youth
若者 397,観察 ,observation 
観察 396,大金 ,Big money
大金 396,速度 ,Speed
速度 395,今年 ,this year 
今年 395,使命 ,Mission
使命 395,数字 ,Number
数字 393,独り ,Solitary
独り 393,術 ,Art
術 393,中身 ,contents 
中身 392,座れ ,Sitting
座れ 390,登 ,Climbing
登 390,応援 ,support 
応援 390,世間 ,World
世間 390,不幸 ,Unfortunate
不幸 390,アニー ,Annie
アニー 390,済み ,Finished
済み 389,理論 ,Theory
理論 388,不能 ,Incompetence
不能 387,訪問 ,Visit
訪問 387,貴重 ,Valuable
貴重 387,正 ,Positive
正 387,連れ出 ,Taking out
連れ出 386,安 ,Cheap
安 386,阻止 ,Stopping
阻止 386,外出 ,Go out 
外出 386,処分 ,Disposition
処分 386,アレ ,That
アレ 385,少佐 ,Major
少佐 385,来週 ,next week 
来週 384,権力 ,Power
権力 384,両手 ,both hands 
両手 384,優れ ,Superiority
優れ 384,共有 ,share 
共有 383,載 ,Listing
載 382,死刑 ,Death sentence
死刑 382,余計 ,Extra
余計 381,無罪 ,Not guilty 
無罪 381,深刻 ,Serious
深刻 381,対策 ,countermeasure 
対策 380,運動 ,Exercise
運動 380,係 ,Clerk
係 379,東京 ,Tokyo 
東京 378,愛し ,Love
愛し 378,浮気 ,Flirtation
浮気 378,登録 ,Registration 
登録 378,発作 ,Seizure
発作 377,権限 ,authority 
権限 377,か月 ,Month
か月 377,輸送 ,transportation 
輸送 377,中央 ,Center
中央 376,あんまり ,not really 
あんまり 376,集団 ,Group
集団 376,引っ張 ,Pulling
引っ張 376,何百 ,Hundreds
何百 375,限界 ,limit 
限界 375,下げ ,Lowering
下げ 375,波 ,Waves
波 374,何事 ,What
何事 373,ありがた ,Grateful
ありがた 373,相当 ,Equivalent
相当 372,岩 ,Rock
岩 372,着替え ,Change of clothes
着替え 370,趣味 ,hobby 
趣味 370,全力 ,Full power
全力 370,解除 ,Cancellation 
解除 369,計算 ,Calculation
計算 369,降 ,Downhill
降 369,映 ,Film
映 368,財布 ,wallet 
財布 367,不満 ,dissatisfaction 
不満 367,代理 ,Proxy
代理 367,去年 ,Last year
去年 367,賞 ,Award
賞 366,一言 ,Word
一言 366,連続 ,continuous 
連続 366,太 ,Slim
太 366,最新 ,Latest
最新 365,金属 ,Metal
金属 365,とりあえず ,for now 
とりあえず 365,教 ,Teaching
教 364,イタリア ,Italy
イタリア 364,関与 ,Involvement
関与 364,人気 ,Popularity 
人気 364,生き延び ,Survival
生き延び 364,下ろ ,Downhill
下ろ 363,通常 ,usually 
通常 363,巡査 ,Police officer
巡査 362,報酬 ,Reward
報酬 362,署名 ,signature 
署名 362,一族 ,Clan
一族 362,反逆 ,Rebellion
反逆 362,助手 ,assistant 
助手 362,過ち ,Reconciliation
過ち 362,美人 ,Beautiful
美人 361,進行 ,Progress
進行 361,民間 ,Private
民間 361,余地 ,Room
余地 361,選挙 ,election 
選挙 361,悲劇 ,Tragedy
悲劇 360,含 ,Including
含 360,財産 ,property 
財産 360,離せ ,Separate
離せ 359,共通 ,common 
共通 359,滞在 ,Staying
滞在 359,初め ,Beginning
初め 359,合図 ,sign 
合図 359,国際 ,International
国際 358,事業 ,business 
事業 358,当時 ,at that time 
当時 358,成 ,Creation
成 358,電源 ,power supply 
電源 356,強制 ,Forced
強制 356,革命 ,Revolution
革命 355,潜入 ,Infiltration
潜入 355,公平 ,fair 
公平 355,公式 ,Official
公式 354,復活 ,revival 
復活 354,派 ,Faction
派 354,尾行 ,Tail
尾行 354,軍事 ,Military affairs
軍事 353,合衆 ,Cohesion
合衆 353,含め ,Including
含め 353,結 ,Conclusion
結 353,物事 ,things 
物事 352,勿論 ,Of course
勿論 352,念 ,Sense
念 351,英国 ,British
英国 351,分け ,Division
分け 350,地面 ,Ground 
地面 350,単に ,Simply
単に 350,一瞬 ,for a moment 
一瞬 349,共同 ,Joint 
共同 349,販売 ,sale 
販売 348,体験 ,Experience
体験 348,用事 ,business 
用事 348,存 ,Existence
存 347,身分 ,Status
身分 347,集会 ,Rally
集会 346,火事 ,fire 
火事 346,車両 ,Vehicle
車両 346,挑戦 ,challenge 
挑戦 345,叔母 ,aunt 
叔母 345,配達 ,delivery 
配達 344,入手 ,obtain 
入手 344,資格 ,Qualification
資格 344,判事 ,Judge
判事 344,小説 ,novel 
小説 344,呪文 ,Spell
呪文 344,美味し ,Delicious 
美味し 344,女房 ,Wife
女房 344,反乱 ,Rebellion
反乱 343,マリア ,Maria 
マリア 343,重大 ,Serious
重大 343,聖 ,Sacred
聖 343,産 ,Birth
産 343,通過 ,Passing
通過 342,正常 ,Normal
正常 342,アマンダ ,Amanda
アマンダ 341,支え ,Support
支え 341,軍人 ,Soldier
軍人 341,期間 ,Period
期間 340,アーロン ,Aaron
アーロン 340,加わ ,Join
加わ 340,五 ,Five
五 340,医学 ,Medicine
医学 340,不要 ,Unnecessary
不要 340,天 ,Heaven
天 340,馬鹿げ ,Idiot
馬鹿げ 340,調整 ,Adjustment
調整 340,執行 ,Execution
執行 339,製 ,Manufacturing
製 339,補 ,Supplement
補 339,必死 ,Desperate
必死 339,バウアー ,Bauer
バウアー 339,不正 ,Fraud
不正 338,クリア ,clear 
クリア 338,用件 ,Case
用件 337,薬物 ,Drug
薬物 337,創造 ,Creation
創造 337,乗り越え ,Overcoming
乗り越え 337,規模 ,Scale
規模 337,悪化 ,Worsening
悪化 336,置き去り ,Leaving behind
置き去り 336,言い訳 ,Excuse
言い訳 336,業 ,Business
業 335,申し上げ ,Claim
申し上げ 335,制服 ,Uniform
制服 335,顧客 ,client 
顧客 335,護衛 ,Escort
護衛 334,無人 ,Unmanned
無人 334,信仰 ,Religion
信仰 333,防 ,Prevention
防 333,造 ,Construction
造 333,当局 ,Authorities
当局 333,告発 ,Accusation
告発 332,日々 ,day to day 
日々 331,設定 ,setting 
設定 331,正解 ,correct answer 
正解 331,変身 ,Transform 
変身 331,工作 ,Work
工作 330,処刑 ,Execution
処刑 329,役割 ,role 
役割 329,一員 ,Member
一員 329,発砲 ,Firing
発砲 328,女子 ,Girl
女子 328,電子 ,Electron
電子 327,結論 ,Conclusion
結論 326,真面目 ,serious 
真面目 326,予測 ,prediction 
予測 325,修正 ,Correction
修正 325,対象 ,subject 
対象 324,一時 ,Time
一時 324,風呂 ,bath 
風呂 324,取り出 ,Taking out
取り出 324,手錠 ,Handcuffs
手錠 324,牧師 ,Minister
牧師 321,半沢 ,Semicircle
半沢 321,実現 ,realization 
実現 321,区 ,Ward
区 320,種族 ,Race 
種族 320,時点 ,Point
時点 320,代わ ,Alternate
代わ 320,土曜 ,Saturday
土曜 320,広が ,Widespread
広が 320,戦え ,fight 
戦え 320,指令 ,Command 
指令 319,生き物 ,Creature
生き物 319,美術 ,Art
美術 318,自慢 ,Pride
自慢 318,舞台 ,Stage
舞台 318,上げろ ,Raise
上げろ 318,質 ,Quality
質 318,交通 ,Traffic
交通 316,引き起こ ,Causing
引き起こ 316,建て ,Construction
建て 316,上昇 ,rise 
上昇 316,心理 ,Psychology
心理 315,楽しめ ,enjoy it 
楽しめ 315,検討 ,Consider 
検討 315,勤務 ,Work
勤務 315,作用 ,Action
作用 315,料 ,Fee
料 314,付き ,Accompaniment
付き 314,隠れ家 ,Retreat
隠れ家 314,隊長 ,Captain
隊長 314,世代 ,Generation
世代 314,前進 ,Advance
前進 314,決まり ,Decision
決まり 313,繭子 ,Cowbo
繭子 313,死因 ,Cause of death
死因 313,続き ,continuation 
続き 313,酸素 ,oxygen 
酸素 313,凶器 ,Weapon
凶器 312,引き受け ,Undertake
引き受け 312,助言 ,Advice
助言 312,国王 ,King
国王 312,外科 ,Surgery
外科 312,取り引き ,Transaction
取り引き 311,此処 ,Here
此処 311,支払い ,Payment
支払い 311,背後 ,Behind
背後 310,図書 ,Book
図書 308,際 ,edge 
際 308,症状 ,Symptoms
症状 308,話しかけ ,Speech
話しかけ 308,引きず ,Drag
引きず 308,用心 ,Precaution
用心 308,転送 ,transfer 
転送 307,公開 ,Release 
公開 307,商売 ,Business
商売 307,隔離 ,isolation 
隔離 307,理想 ,Ideal
理想 307,月曜 ,Monday
月曜 307,派遣 ,Dispatch
派遣 306,並 ,common 
並 306,表現 ,Expression 
表現 305,ジュニア ,Junior
ジュニア 305,乗客 ,passenger 
乗客 305,初めまして ,nice to meet you 
初めまして 305,目指 ,Aim
目指 305,年齢 ,age 
年齢 304,虐殺 ,Slaughter
虐殺 304,アン ,Ann 
アン 304,問 ,Question
問 304,悪党 ,Villain
悪党 303,争 ,Dispute
争 303,使い ,User
使い 303,現 ,Present
現 303,本人 ,Person
本人 303,十 ,Ten
十 302,報道 ,Report
報道 302,分離 ,Separation
分離 301,発信 ,Dissemination
発信 301,印象 ,Impression
印象 301,正面 ,Front
正面 301,面会 ,Meeting
面会 301,ヵ月 ,Month
ヵ月 300,上院 ,Senate
上院 300,目立 ,Conspicuous 
目立 299,戦略 ,strategy 
戦略 299,下り ,Descent
下り 299,艦長 ,Captain
艦長 298,心当たり ,Knowing
心当たり 298,引退 ,Retirement
引退 298,金融 ,Finance
金融 298,無くな ,No longer
無くな 298,何千 ,Thousands
何千 297,婦人 ,Woman 
婦人 296,供給 ,supply 
供給 296,同盟 ,Alliance
同盟 296,毎晩 ,Every night
毎晩 296,族 ,Tribe
族 296,商品 ,merchandise 
商品 296,見当 ,Myanda
見当 295,職員 ,Staff 
職員 295,正式 ,Official
正式 294,近づけ ,Approaching
近づけ 294,一切 ,All
一切 294,祖母 ,Grandmother
祖母 294,群れ ,Flock
群れ 294,皇帝 ,Emperor
皇帝 293,王女 ,Princess
王女 293,共和 ,Republic
共和 292,自転 ,Rotation
自転 292,アブ ,Hop
アブ 292,テア ,Theater
テア 292,世の中 ,World
世の中 291,級 ,Class
級 291,引っ越 ,Moving 
引っ越 291,魔術 ,Magic
魔術 291,死人 ,Dead person
死人 291,進化 ,evolution 
進化 291,直ちに ,right away 
直ちに 291,期 ,Period
期 290,北部 ,Northern part
北部 290,充分 ,Fully
充分 290,部長 ,Director
部長 290,祝福 ,Blessing
祝福 290,アイリス ,Iris
アイリス 290,庁 ,Government office
庁 289,アウト ,out 
アウト 289,給料 ,salary 
給料 289,同情 ,Sympathy
同情 288,議会 ,Parliament
議会 288,黄色 ,Yellow
黄色 288,外国 ,foreign country 
外国 288,作動 ,Action
作動 287,手掛かり ,Clue
手掛かり 287,大臣 ,Minister
大臣 287,話題 ,Topic
話題 287,校長 ,principal 
校長 287,恋愛 ,love affair 
恋愛 285,追加 ,addition 
追加 285,検索 ,search 
検索 285,連行 ,Derivation
連行 285,立ち上が ,Starting up
立ち上が 285,建設 ,Construction
建設 284,数百 ,hundreds 
数百 284,成果 ,Achievement 
成果 284,発言 ,comment 
発言 283,苦手 ,weak point 
苦手 283,画像 ,image 
画像 282,取り組 ,Efforts
取り組 282,何時 ,What time 
何時 282,類 ,Kind
類 282,株 ,KK 
株 282,司法 ,Justice
司法 282,双子 ,Twins
双子 281,放棄 ,Abandonment
放棄 281,出番 ,Turn
出番 281,電車 ,train 
電車 281,玄関 ,entrance 
玄関 281,屋敷 ,Mansion
屋敷 281,当たり前 ,obvious 
当たり前 281,直面 ,Facing
直面 280,共犯 ,Accomplice
共犯 280,笑い声 ,Laughter
笑い声 280,指名 ,Nomination
指名 280,具体 ,Concrete
具体 280,野球 ,baseball 
野球 280,突入 ,Entering
突入 280,救世 ,Salvation
救世 280,儀式 ,Ritual
儀式 279,圧力 ,Pressure
圧力 279,ノア ,Noah 
ノア 279,キャリア ,Career
キャリア 279,聖書 ,Bible
聖書 279,連れ戻 ,Back
連れ戻 278,アル ,Al
アル 278,周辺 ,neighborhood 
周辺 278,高度 ,Advanced
高度 278,及 ,Aspect
及 278,大会 ,Conference
大会 277,職場 ,workplace 
職場 277,比べ ,Comparison
比べ 277,あた ,Aspect
あた 276,日曜 ,Sunday
日曜 275,アドバイス ,Advice
アドバイス 275,知恵 ,Wisdom
知恵 275,融資 ,Loan
融資 275,最中 ,In the middle
最中 275,乗り ,Riding
乗り 275,議長 ,Chairman
議長 275,信念 ,Belief
信念 274,連れ去 ,Taking away
連れ去 274,入院 ,hospitalization 
入院 274,気味 ,Creepy
気味 274,借金 ,debt 
借金 274,整理 ,Organizing
整理 273,資産 ,assets 
資産 273,感動 ,Impressive
感動 273,検死 ,Intolerance
検死 273,アレク ,Alex
アレク 273,検察 ,Prosecutor
検察 273,引け ,Hesitancy
引け 272,アディ ,Ade
アディ 272,生涯 ,Life
生涯 271,企 ,Planning
企 271,承認 ,Approval
承認 271,間抜け ,Idiot
間抜け 271,アーメン ,Amen
アーメン 271,買い物 ,shopping 
買い物 270,高速 ,high speed 
高速 270,解雇 ,Dismissal
解雇 270,アリバイ ,Alibi
アリバイ 269,昼食 ,lunch 
昼食 269,天気 ,weather 
天気 268,引き金 ,Trigger
引き金 268,獲物 ,Prey
獲物 268,再生 ,reproduction 
再生 268,古代 ,Ancient times
古代 268,降伏 ,Surrender
降伏 267,南上 ,South
南上 267,役目 ,Role
役目 267,宗教 ,Religion
宗教 267,一同 ,All
一同 267,録 ,Record
録 267,界 ,World
界 266,領域 ,Area
領域 266,ブライアン ,Brian
ブライアン 266,屋上 ,Rooftop
屋上 265,アルファ ,Alpha
アルファ 265,暴行 ,Assault
暴行 264,発明 ,Invention
発明 264,社員 ,employee 
社員 264,静流 ,Stagger
静流 264,検事 ,Prosecutor
検事 264,世 ,World
世 263,半年 ,Half a year
半年 263,入り口 ,Entrance 
入り口 262,あたり ,Around
あたり 262,同然 ,Like
同然 262,悪人 ,Bad man
悪人 262,達成 ,Achievement
達成 262,弱点 ,Weakness
弱点 261,評議 ,Discussion
評議 261,戦場 ,Battlefield
戦場 261,物理 ,Physics 
物理 261,死に ,Death
死に 261,進展 ,Progress
進展 261,受信 ,Reception
受信 261,菓子 ,Confectionery
菓子 260,高級 ,High -grade
高級 260,死ね ,Death
死ね 260,アフリカ ,Africa
アフリカ 260,主任 ,Chief
主任 260,手順 ,procedure 
手順 260,野朗 ,Wild
野朗 260,あちこち ,Here and there
あちこち 260,時刻 ,time 
時刻 259,無効 ,invalid 
無効 259,防御 ,Defense
防御 259,送れ ,Send
送れ 258,複数 ,multiple 
複数 258,下手 ,Poor
下手 258,港 ,Port
港 258,死後 ,After death
死後 257,少々 ,a little 
少々 257,電力 ,Electricity
電力 257,分間 ,Minute
分間 257,廊下 ,corridor 
廊下 257,真ん中 ,middle 
真ん中 257,事項 ,Matter
事項 256,選べ ,You can choose
選べ 256,処置 ,Treatment
処置 255,伝統 ,tradition 
伝統 255,地点 ,Point
地点 255,曲が ,Song 
曲が 255,新人 ,Newcomer
新人 255,下ろせ ,Drainage
下ろせ 255,発電 ,Power generation
発電 255,保存 ,keep 
保存 254,十字 ,Cross
十字 254,代償 ,Comparison
代償 254,習 ,Training
習 254,愛情 ,Affection
愛情 254,サマリア ,Samaria
サマリア 254,評判 ,Reputation
評判 254,誠人 ,Sincerity
誠人 253,挙げ ,List
挙げ 253,構築 ,construction 
構築 253,解読 ,Decipherment
解読 253,昇進 ,Promotion
昇進 253,住民 ,Residents
住民 252,強化 ,Enhancement
強化 252,手続き ,procedure 
手続き 252,親愛 ,Love
親愛 252,直前 ,Right before
直前 252,周囲 ,Surroundings
周囲 252,一歩 ,one step 
一歩 251,博物 ,Reality
博物 251,偽物 ,fake 
偽物 251,拡大 ,expansion 
拡大 251,競争 ,Competition
競争 251,随分 ,Considerably
随分 251,寄付 ,Donation
寄付 251,積 ,Pile
積 250,以下 ,below 
以下 250,永久 ,Forever
永久 250,無用 ,Useless
無用 250,神聖 ,Sacred
神聖 250,消防 ,Firefighting
消防 250,大物 ,Big game
大物 249,製造 ,Manufacturing
製造 249,立ち向か ,Confronting
立ち向か 249,党 ,Party
党 249,公表 ,Publication
公表 249,録音 ,Recording
録音 248,素早 ,Quickness
素早 248,ウィリアム ,William
ウィリアム 248,肉体 ,Body
肉体 248,年寄り ,Elderly
年寄り 247,誘導 ,Guidance
誘導 247,起訴 ,Prosecution
起訴 247,内側 ,Inside
内側 247,特徴 ,Features 
特徴 246,友情 ,Friendship
友情 245,やる気 ,Motivation 
やる気 245,自体 ,Itself
自体 245,広げ ,Expansion
広げ 245,取り上げ ,Feature
取り上げ 245,やり直 ,Directly
やり直 245,不法 ,Illegal
不法 245,展開 ,Development
展開 244,予備 ,spare 
予備 244,手下 ,Minion
手下 244,＝ ,=
＝ 244,カ月 ,Month
カ月 243,匿名 ,Anonymous 
匿名 243,張 ,Tension
張 243,偵察 ,Reconnaissance
偵察 243,アンジェラ ,Angela
アンジェラ 243,アイザック ,Isac
アイザック 243,国防 ,National defense
国防 242,王妃 ,Queen
王妃 242,優勝 ,Victory 
優勝 242,黄金 ,Golden
黄金 242,忠実 ,Faithful
忠実 242,利口 ,Clever
利口 242,中佐 ,Colonel
中佐 242,取り除 ,Removal
取り除 242,分野 ,Field
分野 242,果て ,End
果て 242,登場 ,Appearance 
登場 241,取締 ,Control
取締 241,拍手 ,Applause
拍手 241,会計 ,accounting 
会計 241,懸命 ,Hard
懸命 241,部品 ,parts 
部品 241,本日 ,today 
本日 241,提出 ,Submission
提出 240,売人 ,Seller
売人 240,谷 ,Valley
谷 240,争い ,Conflict
争い 240,再開 ,Restart
再開 239,人工 ,Artificial
人工 239,座標 ,Coordinate 
座標 239,色んな ,Various
色んな 239,地位 ,Status
地位 239,出会い ,Encounter
出会い 238,置け ,Place
置け 237,開放 ,Open
開放 237,経済 ,economy 
経済 237,小便 ,Piss
小便 237,作家 ,Writer 
作家 236,率直 ,Frank
率直 236,大声 ,Loud
大声 236,手放 ,Release
手放 235,基づ ,Based
基づ 235,毎年 ,Every year
毎年 235,アビー ,Abbey
アビー 235,多少 ,Somewhat
多少 235,編集 ,edit 
編集 235,数千 ,Thousands
数千 234,長年 ,Many years
長年 234,独身 ,single 
独身 234,材料 ,Ingredients
材料 234,部門 ,Department
部門 234,エリア ,area 
エリア 233,郡 ,County
郡 233,土 ,soil 
土 232,出入り ,Entering and leaving
出入り 232,意外 ,Surprisingly
意外 232,参 ,Attending
参 232,模様 ,pattern 
模様 232,予言 ,Prophecy
予言 231,立ち去 ,Standing out
立ち去 231,植物 ,Plants
植物 231,文書 ,documents 
文書 231,善人 ,Good man
善人 231,教わ ,Teaching
教わ 231,先日 ,the other day 
先日 230,勝者 ,Winner
勝者 230,追放 ,Expulsion
追放 230,付き合い ,Dating
付き合い 230,持ち主 ,Owner 
持ち主 230,適当 ,suitable 
適当 229,無料 ,free 
無料 229,孤児 ,Orphan
孤児 229,手伝え ,Help
手伝え 229,空腹 ,Hunger 
空腹 229,演 ,Performance
演 228,宣言 ,declaration 
宣言 228,護 ,Protection
護 227,引き上げ ,Pulling up
引き上げ 227,明白 ,Obvious
明白 227,制限 ,limit 
制限 227,侵略 ,Invasion
侵略 227,米 ,Rice
米 227,幸福 ,Happiness
幸福 227,合法 ,Legal
合法 226,作り ,Making
作り 225,職業 ,Profession 
職業 225,国内 ,Domestic 
国内 225,下着 ,Underwear
下着 225,合格 ,Passing
合格 225,ライアス ,Rias
ライアス 225,化け物 ,Monster
化け物 224,葬式 ,funeral 
葬式 224,音声 ,audio 
音声 224,構造 ,structure 
構造 224,黙示 ,Apocalypse
黙示 224,先ず ,First
先ず 223,支店 ,branch 
支店 223,最強 ,The strongest
最強 222,地震 ,Earthquake
地震 222,解明 ,Elucidation
解明 221,見付け ,Founding
見付け 221,済ま ,Finished
済ま 221,購入 ,purchase 
購入 221,電波 ,Radio wave
電波 221,提督 ,Admiral
提督 221,ツアー ,Tours 
ツアー 220,同行 ,Accompaniment
同行 219,尊重 ,Respect
尊重 219,期限 ,Deadline
期限 219,メディア ,Media
メディア 219,空間 ,Space
空間 219,自白 ,Confession
自白 219,会見 ,Conference
会見 219,動脈 ,Artery
動脈 218,費用 ,Expense
費用 218,マイアミ ,Miami
マイアミ 218,狂気 ,Insanity 
狂気 218,銀 ,Silver 
銀 218,海外 ,abroad 
海外 218,売り ,Selling
売り 217,劇場 ,Theater
劇場 217,隣人 ,Neighbor
隣人 217,木曜 ,Thursday 
木曜 216,知り合 ,Acquaintance
知り合 216,空け ,Vacant
空け 216,多数 ,Majority
多数 215,報復 ,Retaliation 
報復 215,面接 ,interview 
面接 215,外交 ,Diplomacy
外交 215,アンドリュー ,Andrew
アンドリュー 215,内緒 ,Secret
内緒 214,誠実 ,sincerity 
誠実 214,中継 ,Relay
中継 214,原子 ,Atom
原子 214,表示 ,Indication
表示 214,地方 ,Region
地方 214,足跡 ,Footprint
足跡 213,本名 ,Real name
本名 213,悪者 ,Bad guy
悪者 213,日付 ,date 
日付 213,引き継 ,Take over 
引き継 213,守護 ,Protection
守護 212,味わ ,Taste
味わ 212,反撃 ,Counterattack
反撃 212,再会 ,Reunion
再会 211,言語 ,language 
言語 211,アフガニスタン ,Afghanistan
アフガニスタン 211,久利生 ,Hausui
久利生 211,行き先 ,destination 
行き先 211,結末 ,Ending
結末 211,無く ,Without
無く 210,演技 ,Acting
演技 210,継続 ,continuation 
継続 210,無限 ,infinite 
無限 210,固定 ,Fixation
固定 210,製品 ,product 
製品 210,送り込 ,Sending in
送り込 210,解け ,Solving
解け 210,貨物 ,Cargo
貨物 210,離陸 ,take off 
離陸 210,潜水 ,Dive
潜水 209,任 ,Appointment
任 209,上着 ,Jacket
上着 209,空軍 ,Air Force 
空軍 209,アリ ,Ants
アリ 209,通話 ,Calling
通話 209,押し入 ,Push -in
押し入 209,火曜 ,Tuesday
火曜 208,児 ,Child
児 208,一応 ,At once
一応 208,体制 ,System 
体制 208,栄光 ,Glory
栄光 208,技 ,Technique
技 208,単独 ,Independence
単独 207,自警 ,Police police
自警 207,一晩 ,One night 
一晩 207,加速 ,Acceleration
加速 207,過剰 ,Excessive
過剰 207,アボット ,Abbott
アボット 207,丁度 ,exactly 
丁度 206,不利 ,Unfavorable 
不利 206,人種 ,Race
人種 206,民主 ,Democracy
民主 206,交代 ,Change
交代 206,果 ,Fruit
果 206,史上 ,History
史上 206,引き渡 ,Handing over
引き渡 206,独房 ,Germin
独房 206,民衆 ,People
民衆 206,陸軍 ,Army
陸軍 205,書け ,Writing
書け 205,アレン ,Allen
アレン 205,イアン ,Ian
イアン 205,有効 ,valid 
有効 205,検出 ,Detection
検出 205,集合 ,Meeting
集合 204,食え ,Eating
食え 204,ピアノ ,Piano
ピアノ 204,経歴 ,Career
経歴 204,判決 ,Judgment
判決 204,利 ,Interest
利 204,所持 ,Possession
所持 204,進歩 ,Progress
進歩 204,見解 ,View
見解 204,都 ,Capital
都 204,アーチャー ,Archer 
アーチャー 204,声明 ,Statement
声明 203,回避 ,Avoidance 
回避 203,文化 ,Culture
文化 203,粒子 ,Particles
粒子 202,アイリーン ,Eyeline
アイリーン 202,通路 ,aisle 
通路 202,坊主 ,Shaven
坊主 202,持ち込 ,Bringing in
持ち込 201,設置 ,Installation 
設置 201,載せ ,Posting
載せ 201,報 ,Report
報 201,業界 ,Industry
業界 201,取り返 ,Obvious
取り返 201,意地 ,Intention
意地 200,獲得 ,Acquisition
獲得 200,変異 ,mutation 
変異 200,調達 ,Procurement
調達 200,情熱 ,passion 
情熱 200,最適 ,Optimal
最適 200,区域 ,Area
区域 199,変人 ,weirdo 
変人 199,催眠 ,Hypnosis
催眠 199,現象 ,Phenomenon
現象 199,法的 ,Legal
法的 199,本能 ,Instinct
本能 199,葉 ,leaf 
葉 198,風邪 ,cold 
風邪 198,仕上げ ,Finishing
仕上げ 198,重力 ,Gravity
重力 198,着信 ,Incoming call
着信 198,台所 ,kitchen 
台所 198,変態 ,Metamorphosis
変態 198,白状 ,Confidence
白状 198,アカデミー ,Academy
アカデミー 198,飛び降り ,Jumping off
飛び降り 198,意気 ,Intention
意気 197,送り ,Sending
送り 197,近寄 ,Close
近寄 197,成績 ,Result
成績 197,合流 ,Joining
合流 197,是非 ,I'd love to 
是非 197,例外 ,Exception
例外 197,同志 ,Comrades
同志 196,素直 ,Obedient 
素直 196,ワイアット ,Wiat
ワイアット 196,本来 ,Originally
本来 196,皆殺し ,Killing
皆殺し 196,各 ,Each
各 196,応 ,Response 
応 195,引き出 ,Withdrawal
引き出 195,主に ,mainly 
主に 195,対抗 ,Competition
対抗 195,充電 ,Charging
充電 194,墓地 ,Graveyard
墓地 194,座り ,sitting 
座り 194,売買 ,Buying and selling
売買 194,大体 ,roughly 
大体 194,創 ,Foundation
創 194,田舎 ,countryside 
田舎 193,万歳 ,Banzai 
万歳 193,同じく ,Equally
同じく 193,休め ,Rest
休め 193,見張り ,Lookout
見張り 193,論 ,Argument
論 192,番地 ,street address 
番地 192,体重 ,Weight
体重 192,直感 ,Intuition
直感 192,伝わ ,Conveyor
伝わ 192,一丿 ,One 丿
一丿 191,衝動 ,Urge
衝動 191,手首 ,Wrist
手首 191,持ち帰 ,Take -back
持ち帰 191,一種 ,One species
一種 191,相応し ,Appropriate
相応し 191,直後 ,Immediately after
直後 190,,#VALUE!